"date","store","pizzas","customers"
2013-01-01,"Westnedge Hill",0,0
2013-01-01,"Cork Street",0,0
2013-01-01,"Stadium Drive",0,0
2013-01-01,"West Main",0,0
2013-01-02,"Westnedge Hill",198,198
2013-01-02,"Cork Street",141,134
2013-01-02,"Stadium Drive",207,161
2013-01-02,"West Main",167,123
2013-01-03,"Westnedge Hill",248,219
2013-01-03,"Cork Street",152,142
2013-01-03,"Stadium Drive",247,193
2013-01-03,"West Main",183,137
2013-01-04,"Westnedge Hill",328,283
2013-01-04,"Cork Street",198,169
2013-01-04,"Stadium Drive",348,303
2013-01-04,"West Main",350,253
2013-01-05,"Westnedge Hill",320,283
2013-01-05,"Cork Street",247,240
2013-01-05,"Stadium Drive",361,313
2013-01-05,"West Main",314,246
2013-01-06,"Westnedge Hill",335,288
2013-01-06,"Cork Street",161,145
2013-01-06,"Stadium Drive",269,236
2013-01-06,"West Main",256,193
2013-01-07,"Westnedge Hill",219,202
2013-01-07,"Cork Street",136,129
2013-01-07,"Stadium Drive",221,189
2013-01-07,"West Main",177,140
2013-01-08,"Westnedge Hill",197,156
2013-01-08,"Cork Street",134,123
2013-01-08,"Stadium Drive",192,156
2013-01-08,"West Main",172,153
2013-01-09,"Westnedge Hill",221,163
2013-01-09,"Cork Street",133,121
2013-01-09,"Stadium Drive",229,180
2013-01-09,"West Main",190,162
2013-01-10,"Westnedge Hill",243,228
2013-01-10,"Cork Street",131,131
2013-01-10,"Stadium Drive",222,175
2013-01-10,"West Main",197,142
2013-01-11,"Westnedge Hill",365,283
2013-01-11,"Cork Street",241,241
2013-01-11,"Stadium Drive",331,258
2013-01-11,"West Main",306,237
2013-01-12,"Westnedge Hill",384,330
2013-01-12,"Cork Street",214,197
2013-01-12,"Stadium Drive",358,296
2013-01-12,"West Main",307,249
2013-01-13,"Westnedge Hill",313,246
2013-01-13,"Cork Street",181,160
2013-01-13,"Stadium Drive",301,242
2013-01-13,"West Main",255,205
2013-01-14,"Westnedge Hill",233,207
2013-01-14,"Cork Street",120,105
2013-01-14,"Stadium Drive",218,162
2013-01-14,"West Main",210,182
2013-01-15,"Westnedge Hill",216,182
2013-01-15,"Cork Street",120,102
2013-01-15,"Stadium Drive",181,154
2013-01-15,"West Main",178,152
2013-01-16,"Westnedge Hill",212,171
2013-01-16,"Cork Street",121,103
2013-01-16,"Stadium Drive",212,155
2013-01-16,"West Main",191,165
2013-01-17,"Westnedge Hill",237,196
2013-01-17,"Cork Street",111,99
2013-01-17,"Stadium Drive",239,210
2013-01-17,"West Main",215,169
2013-01-18,"Westnedge Hill",336,297
2013-01-18,"Cork Street",232,212
2013-01-18,"Stadium Drive",311,250
2013-01-18,"West Main",296,242
2013-01-19,"Westnedge Hill",366,264
2013-01-19,"Cork Street",204,199
2013-01-19,"Stadium Drive",365,277
2013-01-19,"West Main",313,238
2013-01-20,"Westnedge Hill",297,256
2013-01-20,"Cork Street",166,141
2013-01-20,"Stadium Drive",302,219
2013-01-20,"West Main",248,209
2013-01-21,"Westnedge Hill",230,196
2013-01-21,"Cork Street",127,127
2013-01-21,"Stadium Drive",193,156
2013-01-21,"West Main",171,139
2013-01-22,"Westnedge Hill",198,156
2013-01-22,"Cork Street",138,128
2013-01-22,"Stadium Drive",195,148
2013-01-22,"West Main",170,145
2013-01-23,"Westnedge Hill",215,181
2013-01-23,"Cork Street",121,107
2013-01-23,"Stadium Drive",216,162
2013-01-23,"West Main",193,160
2013-01-24,"Westnedge Hill",242,178
2013-01-24,"Cork Street",153,136
2013-01-24,"Stadium Drive",221,170
2013-01-24,"West Main",171,127
2013-01-25,"Westnedge Hill",344,286
2013-01-25,"Cork Street",217,217
2013-01-25,"Stadium Drive",344,282
2013-01-25,"West Main",265,218
2013-01-26,"Westnedge Hill",374,325
2013-01-26,"Cork Street",203,191
2013-01-26,"Stadium Drive",370,298
2013-01-26,"West Main",302,231
2013-01-27,"Westnedge Hill",302,235
2013-01-27,"Cork Street",180,160
2013-01-27,"Stadium Drive",296,222
2013-01-27,"West Main",258,196
2013-01-28,"Westnedge Hill",234,189
2013-01-28,"Cork Street",117,100
2013-01-28,"Stadium Drive",209,174
2013-01-28,"West Main",169,134
2013-01-29,"Westnedge Hill",203,178
2013-01-29,"Cork Street",157,152
2013-01-29,"Stadium Drive",201,166
2013-01-29,"West Main",167,135
2013-01-30,"Westnedge Hill",246,202
2013-01-30,"Cork Street",129,109
2013-01-30,"Stadium Drive",187,160
2013-01-30,"West Main",202,142
2013-01-31,"Westnedge Hill",258,232
2013-01-31,"Cork Street",136,122
2013-01-31,"Stadium Drive",242,186
2013-01-31,"West Main",185,150
2013-02-01,"Westnedge Hill",337,289
2013-02-01,"Cork Street",192,171
2013-02-01,"Stadium Drive",354,305
2013-02-01,"West Main",299,247
2013-02-02,"Westnedge Hill",364,267
2013-02-02,"Cork Street",197,160
2013-02-02,"Stadium Drive",365,310
2013-02-02,"West Main",304,240
2013-02-03,"Westnedge Hill",323,293
2013-02-03,"Cork Street",180,180
2013-02-03,"Stadium Drive",265,190
2013-02-03,"West Main",243,210
2013-02-04,"Westnedge Hill",209,185
2013-02-04,"Cork Street",138,135
2013-02-04,"Stadium Drive",190,150
2013-02-04,"West Main",164,127
2013-02-05,"Westnedge Hill",223,222
2013-02-05,"Cork Street",134,129
2013-02-05,"Stadium Drive",184,148
2013-02-05,"West Main",149,124
2013-02-06,"Westnedge Hill",243,192
2013-02-06,"Cork Street",136,122
2013-02-06,"Stadium Drive",195,153
2013-02-06,"West Main",185,147
2013-02-07,"Westnedge Hill",243,179
2013-02-07,"Cork Street",141,127
2013-02-07,"Stadium Drive",241,241
2013-02-07,"West Main",190,157
2013-02-08,"Westnedge Hill",354,304
2013-02-08,"Cork Street",202,194
2013-02-08,"Stadium Drive",342,268
2013-02-08,"West Main",272,213
2013-02-09,"Westnedge Hill",349,313
2013-02-09,"Cork Street",218,210
2013-02-09,"Stadium Drive",323,277
2013-02-09,"West Main",338,279
2013-02-10,"Westnedge Hill",301,239
2013-02-10,"Cork Street",160,141
2013-02-10,"Stadium Drive",297,233
2013-02-10,"West Main",271,194
2013-02-11,"Westnedge Hill",194,173
2013-02-11,"Cork Street",129,109
2013-02-11,"Stadium Drive",211,187
2013-02-11,"West Main",190,153
2013-02-12,"Westnedge Hill",218,183
2013-02-12,"Cork Street",144,140
2013-02-12,"Stadium Drive",229,183
2013-02-12,"West Main",186,144
2013-02-13,"Westnedge Hill",222,201
2013-02-13,"Cork Street",113,113
2013-02-13,"Stadium Drive",212,182
2013-02-13,"West Main",195,144
2013-02-14,"Westnedge Hill",242,211
2013-02-14,"Cork Street",140,122
2013-02-14,"Stadium Drive",228,176
2013-02-14,"West Main",212,162
2013-02-15,"Westnedge Hill",373,335
2013-02-15,"Cork Street",212,188
2013-02-15,"Stadium Drive",329,261
2013-02-15,"West Main",311,226
2013-02-16,"Westnedge Hill",344,284
2013-02-16,"Cork Street",219,181
2013-02-16,"Stadium Drive",362,288
2013-02-16,"West Main",340,294
2013-02-17,"Westnedge Hill",319,272
2013-02-17,"Cork Street",168,154
2013-02-17,"Stadium Drive",311,259
2013-02-17,"West Main",243,208
2013-02-18,"Westnedge Hill",200,193
2013-02-18,"Cork Street",121,108
2013-02-18,"Stadium Drive",193,147
2013-02-18,"West Main",197,155
2013-02-19,"Westnedge Hill",225,177
2013-02-19,"Cork Street",148,126
2013-02-19,"Stadium Drive",199,169
2013-02-19,"West Main",182,133
2013-02-20,"Westnedge Hill",227,218
2013-02-20,"Cork Street",131,114
2013-02-20,"Stadium Drive",206,173
2013-02-20,"West Main",178,141
2013-02-21,"Westnedge Hill",239,199
2013-02-21,"Cork Street",133,121
2013-02-21,"Stadium Drive",224,183
2013-02-21,"West Main",226,182
2013-02-22,"Westnedge Hill",356,312
2013-02-22,"Cork Street",204,184
2013-02-22,"Stadium Drive",342,285
2013-02-22,"West Main",274,211
2013-02-23,"Westnedge Hill",375,287
2013-02-23,"Cork Street",252,216
2013-02-23,"Stadium Drive",357,311
2013-02-23,"West Main",296,229
2013-02-24,"Westnedge Hill",292,247
2013-02-24,"Cork Street",202,176
2013-02-24,"Stadium Drive",293,231
2013-02-24,"West Main",263,218
2013-02-25,"Westnedge Hill",195,175
2013-02-25,"Cork Street",137,124
2013-02-25,"Stadium Drive",197,164
2013-02-25,"West Main",172,126
2013-02-26,"Westnedge Hill",209,170
2013-02-26,"Cork Street",107,95
2013-02-26,"Stadium Drive",214,174
2013-02-26,"West Main",153,125
2013-02-27,"Westnedge Hill",202,196
2013-02-27,"Cork Street",140,136
2013-02-27,"Stadium Drive",211,162
2013-02-27,"West Main",204,169
2013-02-28,"Westnedge Hill",247,193
2013-02-28,"Cork Street",148,135
2013-02-28,"Stadium Drive",217,183
2013-02-28,"West Main",191,169
2013-03-01,"Westnedge Hill",394,313
2013-03-01,"Cork Street",218,170
2013-03-01,"Stadium Drive",297,242
2013-03-01,"West Main",331,270
2013-03-02,"Westnedge Hill",340,288
2013-03-02,"Cork Street",239,221
2013-03-02,"Stadium Drive",358,274
2013-03-02,"West Main",294,270
2013-03-03,"Westnedge Hill",293,280
2013-03-03,"Cork Street",145,129
2013-03-03,"Stadium Drive",289,236
2013-03-03,"West Main",275,216
2013-03-04,"Westnedge Hill",237,205
2013-03-04,"Cork Street",142,123
2013-03-04,"Stadium Drive",220,183
2013-03-04,"West Main",186,151
2013-03-05,"Westnedge Hill",195,170
2013-03-05,"Cork Street",125,125
2013-03-05,"Stadium Drive",188,152
2013-03-05,"West Main",182,141
2013-03-06,"Westnedge Hill",213,189
2013-03-06,"Cork Street",116,104
2013-03-06,"Stadium Drive",189,151
2013-03-06,"West Main",168,145
2013-03-07,"Westnedge Hill",220,169
2013-03-07,"Cork Street",151,134
2013-03-07,"Stadium Drive",224,195
2013-03-07,"West Main",158,128
2013-03-08,"Westnedge Hill",371,310
2013-03-08,"Cork Street",215,190
2013-03-08,"Stadium Drive",340,272
2013-03-08,"West Main",304,294
2013-03-09,"Westnedge Hill",347,302
2013-03-09,"Cork Street",224,192
2013-03-09,"Stadium Drive",357,329
2013-03-09,"West Main",317,225
2013-03-10,"Westnedge Hill",323,267
2013-03-10,"Cork Street",174,150
2013-03-10,"Stadium Drive",279,240
2013-03-10,"West Main",273,217
2013-03-11,"Westnedge Hill",235,211
2013-03-11,"Cork Street",125,107
2013-03-11,"Stadium Drive",186,155
2013-03-11,"West Main",184,156
2013-03-12,"Westnedge Hill",210,176
2013-03-12,"Cork Street",110,80
2013-03-12,"Stadium Drive",208,156
2013-03-12,"West Main",178,172
2013-03-13,"Westnedge Hill",219,184
2013-03-13,"Cork Street",137,123
2013-03-13,"Stadium Drive",195,176
2013-03-13,"West Main",201,180
2013-03-14,"Westnedge Hill",242,191
2013-03-14,"Cork Street",124,124
2013-03-14,"Stadium Drive",229,191
2013-03-14,"West Main",190,144
2013-03-15,"Westnedge Hill",348,279
2013-03-15,"Cork Street",238,222
2013-03-15,"Stadium Drive",328,256
2013-03-15,"West Main",275,211
2013-03-16,"Westnedge Hill",368,268
2013-03-16,"Cork Street",217,190
2013-03-16,"Stadium Drive",344,275
2013-03-16,"West Main",325,252
2013-03-17,"Westnedge Hill",298,278
2013-03-17,"Cork Street",192,187
2013-03-17,"Stadium Drive",283,212
2013-03-17,"West Main",273,195
2013-03-18,"Westnedge Hill",247,212
2013-03-18,"Cork Street",143,143
2013-03-18,"Stadium Drive",214,187
2013-03-18,"West Main",173,148
2013-03-19,"Westnedge Hill",214,181
2013-03-19,"Cork Street",118,104
2013-03-19,"Stadium Drive",192,142
2013-03-19,"West Main",166,151
2013-03-20,"Westnedge Hill",202,172
2013-03-20,"Cork Street",130,116
2013-03-20,"Stadium Drive",212,166
2013-03-20,"West Main",193,163
2013-03-21,"Westnedge Hill",238,192
2013-03-21,"Cork Street",138,107
2013-03-21,"Stadium Drive",249,212
2013-03-21,"West Main",189,152
2013-03-22,"Westnedge Hill",359,299
2013-03-22,"Cork Street",195,172
2013-03-22,"Stadium Drive",350,276
2013-03-22,"West Main",288,199
2013-03-23,"Westnedge Hill",361,302
2013-03-23,"Cork Street",244,197
2013-03-23,"Stadium Drive",353,315
2013-03-23,"West Main",309,274
2013-03-24,"Westnedge Hill",300,252
2013-03-24,"Cork Street",153,147
2013-03-24,"Stadium Drive",297,231
2013-03-24,"West Main",245,198
2013-03-25,"Westnedge Hill",226,190
2013-03-25,"Cork Street",130,117
2013-03-25,"Stadium Drive",167,127
2013-03-25,"West Main",171,140
2013-03-26,"Westnedge Hill",211,184
2013-03-26,"Cork Street",103,94
2013-03-26,"Stadium Drive",184,147
2013-03-26,"West Main",181,151
2013-03-27,"Westnedge Hill",229,198
2013-03-27,"Cork Street",147,127
2013-03-27,"Stadium Drive",220,186
2013-03-27,"West Main",187,154
2013-03-28,"Westnedge Hill",210,164
2013-03-28,"Cork Street",123,107
2013-03-28,"Stadium Drive",227,170
2013-03-28,"West Main",187,167
2013-03-29,"Westnedge Hill",355,297
2013-03-29,"Cork Street",214,186
2013-03-29,"Stadium Drive",300,235
2013-03-29,"West Main",276,228
2013-03-30,"Westnedge Hill",392,297
2013-03-30,"Cork Street",248,217
2013-03-30,"Stadium Drive",354,286
2013-03-30,"West Main",271,226
2013-03-31,"Westnedge Hill",0,0
2013-03-31,"Cork Street",0,0
2013-03-31,"Stadium Drive",0,0
2013-03-31,"West Main",0,0
2013-04-01,"Westnedge Hill",193,183
2013-04-01,"Cork Street",117,117
2013-04-01,"Stadium Drive",205,153
2013-04-01,"West Main",168,119
2013-04-02,"Westnedge Hill",198,159
2013-04-02,"Cork Street",137,131
2013-04-02,"Stadium Drive",216,169
2013-04-02,"West Main",167,123
2013-04-03,"Westnedge Hill",219,177
2013-04-03,"Cork Street",139,125
2013-04-03,"Stadium Drive",226,201
2013-04-03,"West Main",199,161
2013-04-04,"Westnedge Hill",245,211
2013-04-04,"Cork Street",146,146
2013-04-04,"Stadium Drive",233,171
2013-04-04,"West Main",182,150
2013-04-05,"Westnedge Hill",341,269
2013-04-05,"Cork Street",235,199
2013-04-05,"Stadium Drive",332,277
2013-04-05,"West Main",295,238
2013-04-06,"Westnedge Hill",381,292
2013-04-06,"Cork Street",211,201
2013-04-06,"Stadium Drive",364,276
2013-04-06,"West Main",320,261
2013-04-07,"Westnedge Hill",317,252
2013-04-07,"Cork Street",187,159
2013-04-07,"Stadium Drive",281,242
2013-04-07,"West Main",265,212
2013-04-08,"Westnedge Hill",225,210
2013-04-08,"Cork Street",115,115
2013-04-08,"Stadium Drive",219,177
2013-04-08,"West Main",169,136
2013-04-09,"Westnedge Hill",210,181
2013-04-09,"Cork Street",136,129
2013-04-09,"Stadium Drive",212,171
2013-04-09,"West Main",136,117
2013-04-10,"Westnedge Hill",214,190
2013-04-10,"Cork Street",108,107
2013-04-10,"Stadium Drive",195,139
2013-04-10,"West Main",193,153
2013-04-11,"Westnedge Hill",261,225
2013-04-11,"Cork Street",159,156
2013-04-11,"Stadium Drive",214,193
2013-04-11,"West Main",187,152
2013-04-12,"Westnedge Hill",333,249
2013-04-12,"Cork Street",229,215
2013-04-12,"Stadium Drive",363,309
2013-04-12,"West Main",293,230
2013-04-13,"Westnedge Hill",390,347
2013-04-13,"Cork Street",193,164
2013-04-13,"Stadium Drive",331,283
2013-04-13,"West Main",311,242
2013-04-14,"Westnedge Hill",304,235
2013-04-14,"Cork Street",194,171
2013-04-14,"Stadium Drive",290,236
2013-04-14,"West Main",259,211
2013-04-15,"Westnedge Hill",219,170
2013-04-15,"Cork Street",117,112
2013-04-15,"Stadium Drive",219,176
2013-04-15,"West Main",190,166
2013-04-16,"Westnedge Hill",193,149
2013-04-16,"Cork Street",106,90
2013-04-16,"Stadium Drive",213,165
2013-04-16,"West Main",175,130
2013-04-17,"Westnedge Hill",249,213
2013-04-17,"Cork Street",130,118
2013-04-17,"Stadium Drive",199,163
2013-04-17,"West Main",174,144
2013-04-18,"Westnedge Hill",274,244
2013-04-18,"Cork Street",147,134
2013-04-18,"Stadium Drive",247,197
2013-04-18,"West Main",218,194
2013-04-19,"Westnedge Hill",374,298
2013-04-19,"Cork Street",209,174
2013-04-19,"Stadium Drive",319,258
2013-04-19,"West Main",288,220
2013-04-20,"Westnedge Hill",351,293
2013-04-20,"Cork Street",214,186
2013-04-20,"Stadium Drive",381,297
2013-04-20,"West Main",319,265
2013-04-21,"Westnedge Hill",290,262
2013-04-21,"Cork Street",201,166
2013-04-21,"Stadium Drive",304,243
2013-04-21,"West Main",283,211
2013-04-22,"Westnedge Hill",249,223
2013-04-22,"Cork Street",162,146
2013-04-22,"Stadium Drive",214,166
2013-04-22,"West Main",173,147
2013-04-23,"Westnedge Hill",202,187
2013-04-23,"Cork Street",133,114
2013-04-23,"Stadium Drive",227,182
2013-04-23,"West Main",194,150
2013-04-24,"Westnedge Hill",221,189
2013-04-24,"Cork Street",137,122
2013-04-24,"Stadium Drive",205,160
2013-04-24,"West Main",191,169
2013-04-25,"Westnedge Hill",259,231
2013-04-25,"Cork Street",145,138
2013-04-25,"Stadium Drive",223,180
2013-04-25,"West Main",192,140
2013-04-26,"Westnedge Hill",340,268
2013-04-26,"Cork Street",228,207
2013-04-26,"Stadium Drive",335,291
2013-04-26,"West Main",327,261
2013-04-27,"Westnedge Hill",369,300
2013-04-27,"Cork Street",207,207
2013-04-27,"Stadium Drive",303,222
2013-04-27,"West Main",298,254
2013-04-28,"Westnedge Hill",305,240
2013-04-28,"Cork Street",182,167
2013-04-28,"Stadium Drive",304,237
2013-04-28,"West Main",230,187
2013-04-29,"Westnedge Hill",236,210
2013-04-29,"Cork Street",129,117
2013-04-29,"Stadium Drive",219,183
2013-04-29,"West Main",163,137
2013-04-30,"Westnedge Hill",191,164
2013-04-30,"Cork Street",107,102
2013-04-30,"Stadium Drive",193,157
2013-04-30,"West Main",166,125
2013-05-01,"Westnedge Hill",227,199
2013-05-01,"Cork Street",148,125
2013-05-01,"Stadium Drive",196,162
2013-05-01,"West Main",172,158
2013-05-02,"Westnedge Hill",257,203
2013-05-02,"Cork Street",131,131
2013-05-02,"Stadium Drive",221,179
2013-05-02,"West Main",205,172
2013-05-03,"Westnedge Hill",362,350
2013-05-03,"Cork Street",191,191
2013-05-03,"Stadium Drive",340,269
2013-05-03,"West Main",266,189
2013-05-04,"Westnedge Hill",340,287
2013-05-04,"Cork Street",208,191
2013-05-04,"Stadium Drive",374,315
2013-05-04,"West Main",318,229
2013-05-05,"Westnedge Hill",313,260
2013-05-05,"Cork Street",155,154
2013-05-05,"Stadium Drive",312,268
2013-05-05,"West Main",243,185
2013-05-06,"Westnedge Hill",253,201
2013-05-06,"Cork Street",136,114
2013-05-06,"Stadium Drive",231,181
2013-05-06,"West Main",192,165
2013-05-07,"Westnedge Hill",200,171
2013-05-07,"Cork Street",110,103
2013-05-07,"Stadium Drive",208,164
2013-05-07,"West Main",191,156
2013-05-08,"Westnedge Hill",223,180
2013-05-08,"Cork Street",140,111
2013-05-08,"Stadium Drive",228,176
2013-05-08,"West Main",206,145
2013-05-09,"Westnedge Hill",254,218
2013-05-09,"Cork Street",141,141
2013-05-09,"Stadium Drive",210,165
2013-05-09,"West Main",208,145
2013-05-10,"Westnedge Hill",350,310
2013-05-10,"Cork Street",216,190
2013-05-10,"Stadium Drive",310,247
2013-05-10,"West Main",300,223
2013-05-11,"Westnedge Hill",394,327
2013-05-11,"Cork Street",253,207
2013-05-11,"Stadium Drive",369,309
2013-05-11,"West Main",302,215
2013-05-12,"Westnedge Hill",290,241
2013-05-12,"Cork Street",174,173
2013-05-12,"Stadium Drive",295,246
2013-05-12,"West Main",253,200
2013-05-13,"Westnedge Hill",231,199
2013-05-13,"Cork Street",118,103
2013-05-13,"Stadium Drive",204,171
2013-05-13,"West Main",191,146
2013-05-14,"Westnedge Hill",205,164
2013-05-14,"Cork Street",117,108
2013-05-14,"Stadium Drive",201,157
2013-05-14,"West Main",155,117
2013-05-15,"Westnedge Hill",207,189
2013-05-15,"Cork Street",118,107
2013-05-15,"Stadium Drive",208,178
2013-05-15,"West Main",188,131
2013-05-16,"Westnedge Hill",248,209
2013-05-16,"Cork Street",126,120
2013-05-16,"Stadium Drive",223,166
2013-05-16,"West Main",192,162
2013-05-17,"Westnedge Hill",340,273
2013-05-17,"Cork Street",234,199
2013-05-17,"Stadium Drive",332,284
2013-05-17,"West Main",267,196
2013-05-18,"Westnedge Hill",384,310
2013-05-18,"Cork Street",217,190
2013-05-18,"Stadium Drive",337,276
2013-05-18,"West Main",308,293
2013-05-19,"Westnedge Hill",298,229
2013-05-19,"Cork Street",190,190
2013-05-19,"Stadium Drive",259,217
2013-05-19,"West Main",257,207
2013-05-20,"Westnedge Hill",192,157
2013-05-20,"Cork Street",140,128
2013-05-20,"Stadium Drive",202,172
2013-05-20,"West Main",162,142
2013-05-21,"Westnedge Hill",213,183
2013-05-21,"Cork Street",110,93
2013-05-21,"Stadium Drive",210,161
2013-05-21,"West Main",170,142
2013-05-22,"Westnedge Hill",232,182
2013-05-22,"Cork Street",128,117
2013-05-22,"Stadium Drive",225,203
2013-05-22,"West Main",158,132
2013-05-23,"Westnedge Hill",257,257
2013-05-23,"Cork Street",131,109
2013-05-23,"Stadium Drive",216,191
2013-05-23,"West Main",202,156
2013-05-24,"Westnedge Hill",344,257
2013-05-24,"Cork Street",215,194
2013-05-24,"Stadium Drive",313,268
2013-05-24,"West Main",272,216
2013-05-25,"Westnedge Hill",372,301
2013-05-25,"Cork Street",211,197
2013-05-25,"Stadium Drive",364,328
2013-05-25,"West Main",313,238
2013-05-26,"Westnedge Hill",285,251
2013-05-26,"Cork Street",172,150
2013-05-26,"Stadium Drive",287,228
2013-05-26,"West Main",263,231
2013-05-27,"Westnedge Hill",0,0
2013-05-27,"Cork Street",0,0
2013-05-27,"Stadium Drive",0,0
2013-05-27,"West Main",0,0
2013-05-28,"Westnedge Hill",214,179
2013-05-28,"Cork Street",117,114
2013-05-28,"Stadium Drive",202,162
2013-05-28,"West Main",175,141
2013-05-29,"Westnedge Hill",216,160
2013-05-29,"Cork Street",140,124
2013-05-29,"Stadium Drive",232,182
2013-05-29,"West Main",178,147
2013-05-30,"Westnedge Hill",210,182
2013-05-30,"Cork Street",134,117
2013-05-30,"Stadium Drive",208,166
2013-05-30,"West Main",203,151
2013-05-31,"Westnedge Hill",371,312
2013-05-31,"Cork Street",230,208
2013-05-31,"Stadium Drive",338,266
2013-05-31,"West Main",265,227
2013-06-01,"Westnedge Hill",345,309
2013-06-01,"Cork Street",212,186
2013-06-01,"Stadium Drive",375,304
2013-06-01,"West Main",315,284
2013-06-02,"Westnedge Hill",297,240
2013-06-02,"Cork Street",183,155
2013-06-02,"Stadium Drive",301,261
2013-06-02,"West Main",256,192
2013-06-03,"Westnedge Hill",217,172
2013-06-03,"Cork Street",129,109
2013-06-03,"Stadium Drive",216,189
2013-06-03,"West Main",189,155
2013-06-04,"Westnedge Hill",238,182
2013-06-04,"Cork Street",125,123
2013-06-04,"Stadium Drive",185,136
2013-06-04,"West Main",166,134
2013-06-05,"Westnedge Hill",230,185
2013-06-05,"Cork Street",130,125
2013-06-05,"Stadium Drive",201,176
2013-06-05,"West Main",179,134
2013-06-06,"Westnedge Hill",221,189
2013-06-06,"Cork Street",141,123
2013-06-06,"Stadium Drive",219,177
2013-06-06,"West Main",193,146
2013-06-07,"Westnedge Hill",360,324
2013-06-07,"Cork Street",209,184
2013-06-07,"Stadium Drive",366,260
2013-06-07,"West Main",273,252
2013-06-08,"Westnedge Hill",363,254
2013-06-08,"Cork Street",229,200
2013-06-08,"Stadium Drive",337,295
2013-06-08,"West Main",306,256
2013-06-09,"Westnedge Hill",318,248
2013-06-09,"Cork Street",182,166
2013-06-09,"Stadium Drive",262,213
2013-06-09,"West Main",238,183
2013-06-10,"Westnedge Hill",214,180
2013-06-10,"Cork Street",130,112
2013-06-10,"Stadium Drive",239,192
2013-06-10,"West Main",183,166
2013-06-11,"Westnedge Hill",225,179
2013-06-11,"Cork Street",138,129
2013-06-11,"Stadium Drive",194,159
2013-06-11,"West Main",166,125
2013-06-12,"Westnedge Hill",199,160
2013-06-12,"Cork Street",150,138
2013-06-12,"Stadium Drive",194,149
2013-06-12,"West Main",163,122
2013-06-13,"Westnedge Hill",241,213
2013-06-13,"Cork Street",138,123
2013-06-13,"Stadium Drive",209,165
2013-06-13,"West Main",207,158
2013-06-14,"Westnedge Hill",335,293
2013-06-14,"Cork Street",228,216
2013-06-14,"Stadium Drive",317,268
2013-06-14,"West Main",273,215
2013-06-15,"Westnedge Hill",373,310
2013-06-15,"Cork Street",192,174
2013-06-15,"Stadium Drive",349,283
2013-06-15,"West Main",312,253
2013-06-16,"Westnedge Hill",253,216
2013-06-16,"Cork Street",179,154
2013-06-16,"Stadium Drive",294,230
2013-06-16,"West Main",256,196
2013-06-17,"Westnedge Hill",209,170
2013-06-17,"Cork Street",134,111
2013-06-17,"Stadium Drive",199,162
2013-06-17,"West Main",171,129
2013-06-18,"Westnedge Hill",211,166
2013-06-18,"Cork Street",116,93
2013-06-18,"Stadium Drive",200,153
2013-06-18,"West Main",174,140
2013-06-19,"Westnedge Hill",220,180
2013-06-19,"Cork Street",128,115
2013-06-19,"Stadium Drive",214,153
2013-06-19,"West Main",191,148
2013-06-20,"Westnedge Hill",260,201
2013-06-20,"Cork Street",144,136
2013-06-20,"Stadium Drive",224,167
2013-06-20,"West Main",212,171
2013-06-21,"Westnedge Hill",392,314
2013-06-21,"Cork Street",218,218
2013-06-21,"Stadium Drive",336,229
2013-06-21,"West Main",276,223
2013-06-22,"Westnedge Hill",372,315
2013-06-22,"Cork Street",204,182
2013-06-22,"Stadium Drive",355,308
2013-06-22,"West Main",298,246
2013-06-23,"Westnedge Hill",326,290
2013-06-23,"Cork Street",196,193
2013-06-23,"Stadium Drive",270,205
2013-06-23,"West Main",266,233
2013-06-24,"Westnedge Hill",222,187
2013-06-24,"Cork Street",109,100
2013-06-24,"Stadium Drive",200,157
2013-06-24,"West Main",169,128
2013-06-25,"Westnedge Hill",241,214
2013-06-25,"Cork Street",130,121
2013-06-25,"Stadium Drive",191,148
2013-06-25,"West Main",187,145
2013-06-26,"Westnedge Hill",218,166
2013-06-26,"Cork Street",147,136
2013-06-26,"Stadium Drive",228,177
2013-06-26,"West Main",140,123
2013-06-27,"Westnedge Hill",259,203
2013-06-27,"Cork Street",139,115
2013-06-27,"Stadium Drive",246,213
2013-06-27,"West Main",188,154
2013-06-28,"Westnedge Hill",394,357
2013-06-28,"Cork Street",229,221
2013-06-28,"Stadium Drive",355,292
2013-06-28,"West Main",312,236
2013-06-29,"Westnedge Hill",390,326
2013-06-29,"Cork Street",232,212
2013-06-29,"Stadium Drive",353,281
2013-06-29,"West Main",312,238
2013-06-30,"Westnedge Hill",346,271
2013-06-30,"Cork Street",194,174
2013-06-30,"Stadium Drive",280,220
2013-06-30,"West Main",270,209
2013-07-01,"Westnedge Hill",235,193
2013-07-01,"Cork Street",128,128
2013-07-01,"Stadium Drive",198,146
2013-07-01,"West Main",173,137
2013-07-02,"Westnedge Hill",217,184
2013-07-02,"Cork Street",121,117
2013-07-02,"Stadium Drive",190,160
2013-07-02,"West Main",169,135
2013-07-03,"Westnedge Hill",238,202
2013-07-03,"Cork Street",132,121
2013-07-03,"Stadium Drive",213,180
2013-07-03,"West Main",179,133
2013-07-04,"Westnedge Hill",0,0
2013-07-04,"Cork Street",0,0
2013-07-04,"Stadium Drive",0,0
2013-07-04,"West Main",0,0
2013-07-05,"Westnedge Hill",358,318
2013-07-05,"Cork Street",215,197
2013-07-05,"Stadium Drive",334,299
2013-07-05,"West Main",271,210
2013-07-06,"Westnedge Hill",353,324
2013-07-06,"Cork Street",208,183
2013-07-06,"Stadium Drive",332,257
2013-07-06,"West Main",296,246
2013-07-07,"Westnedge Hill",300,264
2013-07-07,"Cork Street",174,174
2013-07-07,"Stadium Drive",282,259
2013-07-07,"West Main",242,191
2013-07-08,"Westnedge Hill",228,199
2013-07-08,"Cork Street",128,107
2013-07-08,"Stadium Drive",215,176
2013-07-08,"West Main",162,116
2013-07-09,"Westnedge Hill",238,192
2013-07-09,"Cork Street",113,107
2013-07-09,"Stadium Drive",175,138
2013-07-09,"West Main",163,117
2013-07-10,"Westnedge Hill",213,175
2013-07-10,"Cork Street",137,117
2013-07-10,"Stadium Drive",222,185
2013-07-10,"West Main",165,117
2013-07-11,"Westnedge Hill",222,194
2013-07-11,"Cork Street",116,111
2013-07-11,"Stadium Drive",242,188
2013-07-11,"West Main",179,161
2013-07-12,"Westnedge Hill",369,286
2013-07-12,"Cork Street",239,204
2013-07-12,"Stadium Drive",339,277
2013-07-12,"West Main",326,255
2013-07-13,"Westnedge Hill",368,256
2013-07-13,"Cork Street",198,183
2013-07-13,"Stadium Drive",393,337
2013-07-13,"West Main",288,250
2013-07-14,"Westnedge Hill",334,285
2013-07-14,"Cork Street",179,154
2013-07-14,"Stadium Drive",297,248
2013-07-14,"West Main",258,217
2013-07-15,"Westnedge Hill",235,201
2013-07-15,"Cork Street",119,113
2013-07-15,"Stadium Drive",189,149
2013-07-15,"West Main",192,159
2013-07-16,"Westnedge Hill",196,159
2013-07-16,"Cork Street",138,129
2013-07-16,"Stadium Drive",180,159
2013-07-16,"West Main",183,128
2013-07-17,"Westnedge Hill",223,184
2013-07-17,"Cork Street",132,118
2013-07-17,"Stadium Drive",194,145
2013-07-17,"West Main",177,139
2013-07-18,"Westnedge Hill",271,233
2013-07-18,"Cork Street",160,149
2013-07-18,"Stadium Drive",224,183
2013-07-18,"West Main",213,159
2013-07-19,"Westnedge Hill",363,341
2013-07-19,"Cork Street",204,185
2013-07-19,"Stadium Drive",342,256
2013-07-19,"West Main",274,212
2013-07-20,"Westnedge Hill",371,310
2013-07-20,"Cork Street",219,197
2013-07-20,"Stadium Drive",356,289
2013-07-20,"West Main",292,236
2013-07-21,"Westnedge Hill",291,254
2013-07-21,"Cork Street",195,173
2013-07-21,"Stadium Drive",271,210
2013-07-21,"West Main",274,221
2013-07-22,"Westnedge Hill",208,170
2013-07-22,"Cork Street",123,118
2013-07-22,"Stadium Drive",191,171
2013-07-22,"West Main",170,129
2013-07-23,"Westnedge Hill",227,170
2013-07-23,"Cork Street",125,117
2013-07-23,"Stadium Drive",210,173
2013-07-23,"West Main",172,135
2013-07-24,"Westnedge Hill",213,186
2013-07-24,"Cork Street",132,115
2013-07-24,"Stadium Drive",222,170
2013-07-24,"West Main",172,126
2013-07-25,"Westnedge Hill",235,195
2013-07-25,"Cork Street",142,135
2013-07-25,"Stadium Drive",225,192
2013-07-25,"West Main",189,133
2013-07-26,"Westnedge Hill",363,282
2013-07-26,"Cork Street",200,179
2013-07-26,"Stadium Drive",352,252
2013-07-26,"West Main",276,230
2013-07-27,"Westnedge Hill",391,317
2013-07-27,"Cork Street",207,186
2013-07-27,"Stadium Drive",335,224
2013-07-27,"West Main",305,235
2013-07-28,"Westnedge Hill",318,261
2013-07-28,"Cork Street",163,150
2013-07-28,"Stadium Drive",296,228
2013-07-28,"West Main",271,209
2013-07-29,"Westnedge Hill",229,178
2013-07-29,"Cork Street",141,140
2013-07-29,"Stadium Drive",193,142
2013-07-29,"West Main",192,147
2013-07-30,"Westnedge Hill",208,173
2013-07-30,"Cork Street",112,96
2013-07-30,"Stadium Drive",188,149
2013-07-30,"West Main",175,142
2013-07-31,"Westnedge Hill",212,164
2013-07-31,"Cork Street",125,117
2013-07-31,"Stadium Drive",202,178
2013-07-31,"West Main",181,147
2013-08-01,"Westnedge Hill",217,172
2013-08-01,"Cork Street",153,151
2013-08-01,"Stadium Drive",238,201
2013-08-01,"West Main",191,156
2013-08-02,"Westnedge Hill",338,272
2013-08-02,"Cork Street",200,173
2013-08-02,"Stadium Drive",317,266
2013-08-02,"West Main",265,224
2013-08-03,"Westnedge Hill",386,312
2013-08-03,"Cork Street",209,206
2013-08-03,"Stadium Drive",372,298
2013-08-03,"West Main",313,243
2013-08-04,"Westnedge Hill",296,288
2013-08-04,"Cork Street",164,132
2013-08-04,"Stadium Drive",298,221
2013-08-04,"West Main",247,215
2013-08-05,"Westnedge Hill",199,170
2013-08-05,"Cork Street",134,134
2013-08-05,"Stadium Drive",217,173
2013-08-05,"West Main",170,133
2013-08-06,"Westnedge Hill",224,201
2013-08-06,"Cork Street",108,96
2013-08-06,"Stadium Drive",204,149
2013-08-06,"West Main",173,148
2013-08-07,"Westnedge Hill",223,186
2013-08-07,"Cork Street",143,129
2013-08-07,"Stadium Drive",195,166
2013-08-07,"West Main",185,141
2013-08-08,"Westnedge Hill",259,259
2013-08-08,"Cork Street",143,132
2013-08-08,"Stadium Drive",220,188
2013-08-08,"West Main",184,145
2013-08-09,"Westnedge Hill",375,309
2013-08-09,"Cork Street",232,221
2013-08-09,"Stadium Drive",320,253
2013-08-09,"West Main",325,245
2013-08-10,"Westnedge Hill",409,332
2013-08-10,"Cork Street",253,193
2013-08-10,"Stadium Drive",356,274
2013-08-10,"West Main",318,270
2013-08-11,"Westnedge Hill",309,267
2013-08-11,"Cork Street",200,194
2013-08-11,"Stadium Drive",289,212
2013-08-11,"West Main",258,215
2013-08-12,"Westnedge Hill",216,173
2013-08-12,"Cork Street",142,142
2013-08-12,"Stadium Drive",190,160
2013-08-12,"West Main",180,129
2013-08-13,"Westnedge Hill",227,177
2013-08-13,"Cork Street",129,127
2013-08-13,"Stadium Drive",199,164
2013-08-13,"West Main",168,130
2013-08-14,"Westnedge Hill",240,201
2013-08-14,"Cork Street",111,107
2013-08-14,"Stadium Drive",230,197
2013-08-14,"West Main",184,158
2013-08-15,"Westnedge Hill",230,202
2013-08-15,"Cork Street",140,133
2013-08-15,"Stadium Drive",232,187
2013-08-15,"West Main",208,160
2013-08-16,"Westnedge Hill",360,324
2013-08-16,"Cork Street",206,202
2013-08-16,"Stadium Drive",353,314
2013-08-16,"West Main",302,249
2013-08-17,"Westnedge Hill",410,365
2013-08-17,"Cork Street",228,197
2013-08-17,"Stadium Drive",349,287
2013-08-17,"West Main",301,253
2013-08-18,"Westnedge Hill",282,242
2013-08-18,"Cork Street",176,158
2013-08-18,"Stadium Drive",291,205
2013-08-18,"West Main",266,227
2013-08-19,"Westnedge Hill",222,195
2013-08-19,"Cork Street",104,101
2013-08-19,"Stadium Drive",198,159
2013-08-19,"West Main",204,173
2013-08-20,"Westnedge Hill",202,158
2013-08-20,"Cork Street",112,103
2013-08-20,"Stadium Drive",188,153
2013-08-20,"West Main",171,134
2013-08-21,"Westnedge Hill",212,146
2013-08-21,"Cork Street",149,149
2013-08-21,"Stadium Drive",241,195
2013-08-21,"West Main",196,148
2013-08-22,"Westnedge Hill",257,223
2013-08-22,"Cork Street",158,147
2013-08-22,"Stadium Drive",209,174
2013-08-22,"West Main",197,149
2013-08-23,"Westnedge Hill",360,288
2013-08-23,"Cork Street",185,164
2013-08-23,"Stadium Drive",342,252
2013-08-23,"West Main",283,218
2013-08-24,"Westnedge Hill",329,294
2013-08-24,"Cork Street",206,206
2013-08-24,"Stadium Drive",370,315
2013-08-24,"West Main",305,235
2013-08-25,"Westnedge Hill",332,272
2013-08-25,"Cork Street",169,143
2013-08-25,"Stadium Drive",267,224
2013-08-25,"West Main",254,193
2013-08-26,"Westnedge Hill",219,180
2013-08-26,"Cork Street",152,126
2013-08-26,"Stadium Drive",213,172
2013-08-26,"West Main",198,180
2013-08-27,"Westnedge Hill",211,184
2013-08-27,"Cork Street",122,122
2013-08-27,"Stadium Drive",189,187
2013-08-27,"West Main",167,132
2013-08-28,"Westnedge Hill",205,178
2013-08-28,"Cork Street",148,146
2013-08-28,"Stadium Drive",201,160
2013-08-28,"West Main",187,148
2013-08-29,"Westnedge Hill",234,208
2013-08-29,"Cork Street",141,138
2013-08-29,"Stadium Drive",207,181
2013-08-29,"West Main",212,159
2013-08-30,"Westnedge Hill",389,325
2013-08-30,"Cork Street",202,173
2013-08-30,"Stadium Drive",303,221
2013-08-30,"West Main",289,221
2013-08-31,"Westnedge Hill",388,322
2013-08-31,"Cork Street",228,208
2013-08-31,"Stadium Drive",359,330
2013-08-31,"West Main",313,248
2013-09-01,"Westnedge Hill",293,233
2013-09-01,"Cork Street",158,128
2013-09-01,"Stadium Drive",294,236
2013-09-01,"West Main",250,200
2013-09-02,"Westnedge Hill",0,0
2013-09-02,"Cork Street",0,0
2013-09-02,"Stadium Drive",0,0
2013-09-02,"West Main",0,0
2013-09-03,"Westnedge Hill",221,197
2013-09-03,"Cork Street",119,118
2013-09-03,"Stadium Drive",231,167
2013-09-03,"West Main",166,145
2013-09-04,"Westnedge Hill",221,175
2013-09-04,"Cork Street",125,106
2013-09-04,"Stadium Drive",219,173
2013-09-04,"West Main",178,178
2013-09-05,"Westnedge Hill",251,210
2013-09-05,"Cork Street",138,126
2013-09-05,"Stadium Drive",214,171
2013-09-05,"West Main",187,143
2013-09-06,"Westnedge Hill",339,248
2013-09-06,"Cork Street",236,235
2013-09-06,"Stadium Drive",352,281
2013-09-06,"West Main",305,240
2013-09-07,"Westnedge Hill",371,306
2013-09-07,"Cork Street",182,161
2013-09-07,"Stadium Drive",320,253
2013-09-07,"West Main",295,216
2013-09-08,"Westnedge Hill",317,252
2013-09-08,"Cork Street",185,184
2013-09-08,"Stadium Drive",299,232
2013-09-08,"West Main",252,202
2013-09-09,"Westnedge Hill",214,188
2013-09-09,"Cork Street",114,95
2013-09-09,"Stadium Drive",181,157
2013-09-09,"West Main",172,160
2013-09-10,"Westnedge Hill",227,178
2013-09-10,"Cork Street",117,105
2013-09-10,"Stadium Drive",207,162
2013-09-10,"West Main",171,130
2013-09-11,"Westnedge Hill",218,179
2013-09-11,"Cork Street",141,124
2013-09-11,"Stadium Drive",228,181
2013-09-11,"West Main",186,158
2013-09-12,"Westnedge Hill",232,211
2013-09-12,"Cork Street",139,117
2013-09-12,"Stadium Drive",258,216
2013-09-12,"West Main",204,162
2013-09-13,"Westnedge Hill",358,312
2013-09-13,"Cork Street",201,191
2013-09-13,"Stadium Drive",361,288
2013-09-13,"West Main",286,232
2013-09-14,"Westnedge Hill",375,328
2013-09-14,"Cork Street",224,206
2013-09-14,"Stadium Drive",355,290
2013-09-14,"West Main",335,281
2013-09-15,"Westnedge Hill",311,285
2013-09-15,"Cork Street",166,132
2013-09-15,"Stadium Drive",305,258
2013-09-15,"West Main",237,193
2013-09-16,"Westnedge Hill",243,224
2013-09-16,"Cork Street",139,127
2013-09-16,"Stadium Drive",200,165
2013-09-16,"West Main",184,143
2013-09-17,"Westnedge Hill",238,193
2013-09-17,"Cork Street",128,115
2013-09-17,"Stadium Drive",199,170
2013-09-17,"West Main",167,144
2013-09-18,"Westnedge Hill",227,186
2013-09-18,"Cork Street",136,117
2013-09-18,"Stadium Drive",218,172
2013-09-18,"West Main",190,138
2013-09-19,"Westnedge Hill",243,223
2013-09-19,"Cork Street",134,119
2013-09-19,"Stadium Drive",242,183
2013-09-19,"West Main",207,163
2013-09-20,"Westnedge Hill",364,287
2013-09-20,"Cork Street",212,205
2013-09-20,"Stadium Drive",316,220
2013-09-20,"West Main",297,237
2013-09-21,"Westnedge Hill",362,300
2013-09-21,"Cork Street",225,218
2013-09-21,"Stadium Drive",374,297
2013-09-21,"West Main",325,268
2013-09-22,"Westnedge Hill",330,307
2013-09-22,"Cork Street",197,162
2013-09-22,"Stadium Drive",281,235
2013-09-22,"West Main",241,208
2013-09-23,"Westnedge Hill",212,179
2013-09-23,"Cork Street",134,129
2013-09-23,"Stadium Drive",208,165
2013-09-23,"West Main",215,174
2013-09-24,"Westnedge Hill",225,189
2013-09-24,"Cork Street",130,121
2013-09-24,"Stadium Drive",205,173
2013-09-24,"West Main",190,151
2013-09-25,"Westnedge Hill",216,198
2013-09-25,"Cork Street",140,127
2013-09-25,"Stadium Drive",220,164
2013-09-25,"West Main",206,182
2013-09-26,"Westnedge Hill",230,184
2013-09-26,"Cork Street",152,145
2013-09-26,"Stadium Drive",243,185
2013-09-26,"West Main",175,173
2013-09-27,"Westnedge Hill",339,243
2013-09-27,"Cork Street",214,185
2013-09-27,"Stadium Drive",356,296
2013-09-27,"West Main",297,248
2013-09-28,"Westnedge Hill",355,339
2013-09-28,"Cork Street",214,214
2013-09-28,"Stadium Drive",325,258
2013-09-28,"West Main",307,264
2013-09-29,"Westnedge Hill",273,213
2013-09-29,"Cork Street",160,141
2013-09-29,"Stadium Drive",285,207
2013-09-29,"West Main",240,180
2013-09-30,"Westnedge Hill",220,191
2013-09-30,"Cork Street",108,99
2013-09-30,"Stadium Drive",203,148
2013-09-30,"West Main",193,161
2013-10-01,"Westnedge Hill",220,179
2013-10-01,"Cork Street",128,105
2013-10-01,"Stadium Drive",204,153
2013-10-01,"West Main",182,144
2013-10-02,"Westnedge Hill",245,214
2013-10-02,"Cork Street",113,113
2013-10-02,"Stadium Drive",211,161
2013-10-02,"West Main",188,149
2013-10-03,"Westnedge Hill",227,186
2013-10-03,"Cork Street",162,135
2013-10-03,"Stadium Drive",215,162
2013-10-03,"West Main",202,169
2013-10-04,"Westnedge Hill",348,280
2013-10-04,"Cork Street",178,160
2013-10-04,"Stadium Drive",347,256
2013-10-04,"West Main",279,245
2013-10-05,"Westnedge Hill",364,316
2013-10-05,"Cork Street",210,194
2013-10-05,"Stadium Drive",361,271
2013-10-05,"West Main",300,234
2013-10-06,"Westnedge Hill",301,253
2013-10-06,"Cork Street",163,151
2013-10-06,"Stadium Drive",289,211
2013-10-06,"West Main",272,222
2013-10-07,"Westnedge Hill",201,182
2013-10-07,"Cork Street",130,114
2013-10-07,"Stadium Drive",203,155
2013-10-07,"West Main",184,155
2013-10-08,"Westnedge Hill",213,179
2013-10-08,"Cork Street",114,99
2013-10-08,"Stadium Drive",197,155
2013-10-08,"West Main",165,124
2013-10-09,"Westnedge Hill",211,195
2013-10-09,"Cork Street",128,121
2013-10-09,"Stadium Drive",192,158
2013-10-09,"West Main",194,160
2013-10-10,"Westnedge Hill",222,185
2013-10-10,"Cork Street",146,146
2013-10-10,"Stadium Drive",230,183
2013-10-10,"West Main",167,126
2013-10-11,"Westnedge Hill",361,291
2013-10-11,"Cork Street",213,192
2013-10-11,"Stadium Drive",363,290
2013-10-11,"West Main",292,206
2013-10-12,"Westnedge Hill",388,319
2013-10-12,"Cork Street",245,205
2013-10-12,"Stadium Drive",332,261
2013-10-12,"West Main",304,236
2013-10-13,"Westnedge Hill",325,268
2013-10-13,"Cork Street",167,144
2013-10-13,"Stadium Drive",287,229
2013-10-13,"West Main",250,219
2013-10-14,"Westnedge Hill",214,187
2013-10-14,"Cork Street",133,118
2013-10-14,"Stadium Drive",192,146
2013-10-14,"West Main",185,147
2013-10-15,"Westnedge Hill",176,142
2013-10-15,"Cork Street",134,123
2013-10-15,"Stadium Drive",189,147
2013-10-15,"West Main",156,146
2013-10-16,"Westnedge Hill",210,168
2013-10-16,"Cork Street",128,117
2013-10-16,"Stadium Drive",190,158
2013-10-16,"West Main",196,147
2013-10-17,"Westnedge Hill",221,180
2013-10-17,"Cork Street",149,132
2013-10-17,"Stadium Drive",241,189
2013-10-17,"West Main",182,155
2013-10-18,"Westnedge Hill",354,312
2013-10-18,"Cork Street",213,201
2013-10-18,"Stadium Drive",318,265
2013-10-18,"West Main",275,239
2013-10-19,"Westnedge Hill",384,329
2013-10-19,"Cork Street",203,186
2013-10-19,"Stadium Drive",337,263
2013-10-19,"West Main",281,217
2013-10-20,"Westnedge Hill",296,276
2013-10-20,"Cork Street",184,157
2013-10-20,"Stadium Drive",269,223
2013-10-20,"West Main",250,212
2013-10-21,"Westnedge Hill",219,157
2013-10-21,"Cork Street",131,110
2013-10-21,"Stadium Drive",201,166
2013-10-21,"West Main",206,172
2013-10-22,"Westnedge Hill",227,208
2013-10-22,"Cork Street",138,129
2013-10-22,"Stadium Drive",201,160
2013-10-22,"West Main",161,131
2013-10-23,"Westnedge Hill",213,163
2013-10-23,"Cork Street",128,117
2013-10-23,"Stadium Drive",226,188
2013-10-23,"West Main",184,133
2013-10-24,"Westnedge Hill",236,199
2013-10-24,"Cork Street",173,167
2013-10-24,"Stadium Drive",238,179
2013-10-24,"West Main",198,164
2013-10-25,"Westnedge Hill",397,322
2013-10-25,"Cork Street",181,166
2013-10-25,"Stadium Drive",308,240
2013-10-25,"West Main",288,228
2013-10-26,"Westnedge Hill",358,301
2013-10-26,"Cork Street",221,201
2013-10-26,"Stadium Drive",341,267
2013-10-26,"West Main",300,212
2013-10-27,"Westnedge Hill",281,241
2013-10-27,"Cork Street",193,162
2013-10-27,"Stadium Drive",254,195
2013-10-27,"West Main",240,181
2013-10-28,"Westnedge Hill",217,170
2013-10-28,"Cork Street",114,110
2013-10-28,"Stadium Drive",233,190
2013-10-28,"West Main",206,164
2013-10-29,"Westnedge Hill",217,156
2013-10-29,"Cork Street",129,105
2013-10-29,"Stadium Drive",194,154
2013-10-29,"West Main",184,145
2013-10-30,"Westnedge Hill",218,168
2013-10-30,"Cork Street",137,126
2013-10-30,"Stadium Drive",220,179
2013-10-30,"West Main",182,150
2013-10-31,"Westnedge Hill",275,235
2013-10-31,"Cork Street",131,120
2013-10-31,"Stadium Drive",232,175
2013-10-31,"West Main",183,150
2013-11-01,"Westnedge Hill",350,289
2013-11-01,"Cork Street",217,191
2013-11-01,"Stadium Drive",361,275
2013-11-01,"West Main",302,231
2013-11-02,"Westnedge Hill",375,311
2013-11-02,"Cork Street",205,192
2013-11-02,"Stadium Drive",365,294
2013-11-02,"West Main",304,241
2013-11-03,"Westnedge Hill",292,256
2013-11-03,"Cork Street",176,143
2013-11-03,"Stadium Drive",299,238
2013-11-03,"West Main",260,187
2013-11-04,"Westnedge Hill",203,178
2013-11-04,"Cork Street",127,115
2013-11-04,"Stadium Drive",223,173
2013-11-04,"West Main",181,127
2013-11-05,"Westnedge Hill",197,166
2013-11-05,"Cork Street",105,93
2013-11-05,"Stadium Drive",187,162
2013-11-05,"West Main",154,124
2013-11-06,"Westnedge Hill",240,183
2013-11-06,"Cork Street",136,120
2013-11-06,"Stadium Drive",216,162
2013-11-06,"West Main",211,170
2013-11-07,"Westnedge Hill",243,216
2013-11-07,"Cork Street",151,132
2013-11-07,"Stadium Drive",232,188
2013-11-07,"West Main",220,176
2013-11-08,"Westnedge Hill",365,300
2013-11-08,"Cork Street",209,184
2013-11-08,"Stadium Drive",344,299
2013-11-08,"West Main",302,238
2013-11-09,"Westnedge Hill",417,351
2013-11-09,"Cork Street",217,178
2013-11-09,"Stadium Drive",361,343
2013-11-09,"West Main",296,249
2013-11-10,"Westnedge Hill",306,238
2013-11-10,"Cork Street",147,128
2013-11-10,"Stadium Drive",303,268
2013-11-10,"West Main",241,177
2013-11-11,"Westnedge Hill",226,174
2013-11-11,"Cork Street",133,116
2013-11-11,"Stadium Drive",213,153
2013-11-11,"West Main",175,130
2013-11-12,"Westnedge Hill",226,171
2013-11-12,"Cork Street",117,110
2013-11-12,"Stadium Drive",193,144
2013-11-12,"West Main",202,172
2013-11-13,"Westnedge Hill",225,187
2013-11-13,"Cork Street",124,124
2013-11-13,"Stadium Drive",218,173
2013-11-13,"West Main",194,150
2013-11-14,"Westnedge Hill",245,181
2013-11-14,"Cork Street",147,138
2013-11-14,"Stadium Drive",256,205
2013-11-14,"West Main",192,164
2013-11-15,"Westnedge Hill",356,302
2013-11-15,"Cork Street",201,176
2013-11-15,"Stadium Drive",337,271
2013-11-15,"West Main",337,251
2013-11-16,"Westnedge Hill",369,311
2013-11-16,"Cork Street",249,236
2013-11-16,"Stadium Drive",345,300
2013-11-16,"West Main",311,243
2013-11-17,"Westnedge Hill",324,264
2013-11-17,"Cork Street",175,161
2013-11-17,"Stadium Drive",270,201
2013-11-17,"West Main",245,197
2013-11-18,"Westnedge Hill",206,162
2013-11-18,"Cork Street",140,120
2013-11-18,"Stadium Drive",196,158
2013-11-18,"West Main",180,135
2013-11-19,"Westnedge Hill",225,191
2013-11-19,"Cork Street",123,112
2013-11-19,"Stadium Drive",238,192
2013-11-19,"West Main",169,134
2013-11-20,"Westnedge Hill",252,214
2013-11-20,"Cork Street",127,116
2013-11-20,"Stadium Drive",216,169
2013-11-20,"West Main",203,160
2013-11-21,"Westnedge Hill",235,192
2013-11-21,"Cork Street",106,78
2013-11-21,"Stadium Drive",207,173
2013-11-21,"West Main",193,158
2013-11-22,"Westnedge Hill",381,313
2013-11-22,"Cork Street",206,204
2013-11-22,"Stadium Drive",320,284
2013-11-22,"West Main",286,214
2013-11-23,"Westnedge Hill",361,279
2013-11-23,"Cork Street",208,208
2013-11-23,"Stadium Drive",361,293
2013-11-23,"West Main",311,231
2013-11-24,"Westnedge Hill",323,284
2013-11-24,"Cork Street",167,145
2013-11-24,"Stadium Drive",280,207
2013-11-24,"West Main",243,199
2013-11-25,"Westnedge Hill",207,171
2013-11-25,"Cork Street",117,116
2013-11-25,"Stadium Drive",194,157
2013-11-25,"West Main",192,156
2013-11-26,"Westnedge Hill",214,161
2013-11-26,"Cork Street",124,120
2013-11-26,"Stadium Drive",210,162
2013-11-26,"West Main",179,136
2013-11-27,"Westnedge Hill",207,173
2013-11-27,"Cork Street",139,127
2013-11-27,"Stadium Drive",190,149
2013-11-27,"West Main",179,144
2013-11-28,"Westnedge Hill",0,0
2013-11-28,"Cork Street",0,0
2013-11-28,"Stadium Drive",0,0
2013-11-28,"West Main",0,0
2013-11-29,"Westnedge Hill",382,333
2013-11-29,"Cork Street",213,192
2013-11-29,"Stadium Drive",327,256
2013-11-29,"West Main",301,232
2013-11-30,"Westnedge Hill",367,351
2013-11-30,"Cork Street",236,209
2013-11-30,"Stadium Drive",353,259
2013-11-30,"West Main",301,263
2013-12-01,"Westnedge Hill",307,276
2013-12-01,"Cork Street",172,170
2013-12-01,"Stadium Drive",291,259
2013-12-01,"West Main",245,211
2013-12-02,"Westnedge Hill",224,178
2013-12-02,"Cork Street",131,131
2013-12-02,"Stadium Drive",196,163
2013-12-02,"West Main",181,159
2013-12-03,"Westnedge Hill",249,207
2013-12-03,"Cork Street",117,113
2013-12-03,"Stadium Drive",195,153
2013-12-03,"West Main",155,120
2013-12-04,"Westnedge Hill",243,200
2013-12-04,"Cork Street",120,120
2013-12-04,"Stadium Drive",192,155
2013-12-04,"West Main",159,143
2013-12-05,"Westnedge Hill",265,227
2013-12-05,"Cork Street",138,129
2013-12-05,"Stadium Drive",229,199
2013-12-05,"West Main",205,165
2013-12-06,"Westnedge Hill",350,313
2013-12-06,"Cork Street",205,190
2013-12-06,"Stadium Drive",320,283
2013-12-06,"West Main",295,230
2013-12-07,"Westnedge Hill",408,329
2013-12-07,"Cork Street",215,191
2013-12-07,"Stadium Drive",328,265
2013-12-07,"West Main",302,219
2013-12-08,"Westnedge Hill",326,262
2013-12-08,"Cork Street",186,156
2013-12-08,"Stadium Drive",304,272
2013-12-08,"West Main",233,183
2013-12-09,"Westnedge Hill",203,156
2013-12-09,"Cork Street",135,131
2013-12-09,"Stadium Drive",202,170
2013-12-09,"West Main",169,143
2013-12-10,"Westnedge Hill",214,177
2013-12-10,"Cork Street",105,105
2013-12-10,"Stadium Drive",178,148
2013-12-10,"West Main",148,129
2013-12-11,"Westnedge Hill",241,206
2013-12-11,"Cork Street",139,123
2013-12-11,"Stadium Drive",177,158
2013-12-11,"West Main",197,157
2013-12-12,"Westnedge Hill",233,211
2013-12-12,"Cork Street",144,137
2013-12-12,"Stadium Drive",229,200
2013-12-12,"West Main",205,151
2013-12-13,"Westnedge Hill",349,283
2013-12-13,"Cork Street",220,196
2013-12-13,"Stadium Drive",325,257
2013-12-13,"West Main",306,235
2013-12-14,"Westnedge Hill",408,389
2013-12-14,"Cork Street",260,240
2013-12-14,"Stadium Drive",328,270
2013-12-14,"West Main",317,301
2013-12-15,"Westnedge Hill",291,206
2013-12-15,"Cork Street",181,158
2013-12-15,"Stadium Drive",249,215
2013-12-15,"West Main",240,200
2013-12-16,"Westnedge Hill",237,210
2013-12-16,"Cork Street",119,95
2013-12-16,"Stadium Drive",209,172
2013-12-16,"West Main",184,143
2013-12-17,"Westnedge Hill",216,172
2013-12-17,"Cork Street",130,111
2013-12-17,"Stadium Drive",175,155
2013-12-17,"West Main",147,112
2013-12-18,"Westnedge Hill",220,187
2013-12-18,"Cork Street",124,109
2013-12-18,"Stadium Drive",201,155
2013-12-18,"West Main",203,163
2013-12-19,"Westnedge Hill",226,189
2013-12-19,"Cork Street",169,147
2013-12-19,"Stadium Drive",209,145
2013-12-19,"West Main",181,143
2013-12-20,"Westnedge Hill",374,342
2013-12-20,"Cork Street",209,182
2013-12-20,"Stadium Drive",324,261
2013-12-20,"West Main",292,238
2013-12-21,"Westnedge Hill",385,326
2013-12-21,"Cork Street",179,173
2013-12-21,"Stadium Drive",375,315
2013-12-21,"West Main",285,227
2013-12-22,"Westnedge Hill",285,233
2013-12-22,"Cork Street",193,193
2013-12-22,"Stadium Drive",263,206
2013-12-22,"West Main",276,186
2013-12-23,"Westnedge Hill",223,188
2013-12-23,"Cork Street",139,118
2013-12-23,"Stadium Drive",216,198
2013-12-23,"West Main",180,144
2013-12-24,"Westnedge Hill",210,184
2013-12-24,"Cork Street",121,113
2013-12-24,"Stadium Drive",200,163
2013-12-24,"West Main",161,134
2013-12-25,"Westnedge Hill",0,0
2013-12-25,"Cork Street",0,0
2013-12-25,"Stadium Drive",0,0
2013-12-25,"West Main",0,0
2013-12-26,"Westnedge Hill",238,202
2013-12-26,"Cork Street",118,94
2013-12-26,"Stadium Drive",225,201
2013-12-26,"West Main",206,183
2013-12-27,"Westnedge Hill",368,287
2013-12-27,"Cork Street",197,161
2013-12-27,"Stadium Drive",355,271
2013-12-27,"West Main",259,210
2013-12-28,"Westnedge Hill",366,305
2013-12-28,"Cork Street",214,191
2013-12-28,"Stadium Drive",373,287
2013-12-28,"West Main",282,223
2013-12-29,"Westnedge Hill",299,266
2013-12-29,"Cork Street",188,174
2013-12-29,"Stadium Drive",277,217
2013-12-29,"West Main",241,186
2013-12-30,"Westnedge Hill",247,195
2013-12-30,"Cork Street",129,126
2013-12-30,"Stadium Drive",225,185
2013-12-30,"West Main",195,157
2013-12-31,"Westnedge Hill",186,153
2013-12-31,"Cork Street",120,102
2013-12-31,"Stadium Drive",212,175
2013-12-31,"West Main",178,154
